{
  "Sample": {
    "Title": "Use OpenID Connect to sign in users to Microsoft identity platform (formerly Azure Active Directory for developers) and execute Microsoft Graph operations using incremental consent",
    "Level": 400,
    "Client": ".NET Web App (MVC)",    
    "Service": "Microsoft Graph", 
    "RepositoryUrl": "ms-identity-aspnet-webapp-openidconnect",
    "Endpoint": "AAD v2.0"
  },

  /*
    This section describes the Azure AD Applications to configure, and their dependencies
  */
  "AADApps": [
    {
      "Id": "service",
      "Name": "MailApp-openidconnect-v2",
      "Kind": "WebApp",
      "IsPublicClient": false,
      "HomePage": "https://localhost:44326/",
      "ReplyUrls": "https://localhost:44326/",
      "PasswordCredentials": "Auto",      
      "Audience" : "AzureADandPersonalMicrosoftAccount",
      "IsAvailableToOtherTenants":true,
      "RequiredResourcesAccess": [
        {
          "Resource": "Microsoft Graph",
          "DelegatedPermissions": [ "openid", "profile", "offline_access", "Mail.Read" ]
        }
      ],
      "ManualSteps": [
        {
          "Comment" :  "Navigate to the portal and change the ','signInAudience' to 'AzureADandPersonalMicrosoftAccount' and 'accessTokenAcceptedVersion' to 2, in the app's manifest !"
        }
      ]
    }
  ],

  /*
    This section describes how to update the code in configuration files from the apps coordinates, once the apps
    are created in Azure AD.
    Each section describes a configuration file, for one of the apps, it's type (XML, JSon, plain text), its location
    with respect to the root of the sample, and the mappping (which string in the config file is mapped to which value
  */
  "CodeConfiguration": [
    {
      "App": "service",
      "SettingKind": "XML",
      "SettingFile": "\\..\\WebApp\\Web.Config",
      "Mappings": [        
        {
          "key": "ida:ClientId",
          "value": ".AppId"
        },
        {
          "key": "ida:ClientSecret",
          "value": ".AppKey"
        }
      ]
    }    
  ]
}
